VendorRecordID,ProviderNumber,NPI,DisplayName,FacilityType,ServiceType,Address1,Address2,City,State,ZIP,County,Borough,Phone,Network,Source,EffectiveStart,EffectiveEnd,VendorKey,AddressKey,ServiceLocationKey,LineA_Flag,LineB_Flag,LineC_Flag,LineD_Flag,PrintFlag,LineCode
1,V660835,1953657669,Evergreen Transport Co,Transportation,Ambulette,2790 E Tremont Ave,Suite 201,Bronx,NY,10461,Bronx,Bronx,929-555-9891,Harbor Network,TransportVendorFeed,2017-10-14,,552,101023,1218,,,,,1,
2,V344777,1966604609,Empire Home Care of Queens,Home Care Agency,Skilled Nursing,1010 Park Ave,Suite 3B,New York,NY,10040,New York,Manhattan,646-555-3338,Summit Network,CommunityCareFeed,2020-04-20,,1866,103392,5327,1,0,0,0,1,
3,V222471,2498549387,Highbridge Home Health Services of Brooklyn,Home Care Agency,Physical Therapy,2410 Bedford Ave,Suite 100,Brooklyn,NY,11229,Kings,Brooklyn,718-555-3083,Summit Network,CommunityCareFeed,2020-02-10,,1483,102701,5145,0,1,0,0,1,
4,V251701,1867617031,Silver Lake Drugs,Pharmacy,Pharmacy,3949 Fulton St,,Brooklyn,NY,11201,Kings,Brooklyn,718-555-7679,Summit Network,PharmacyNetworkFeed,2017-09-09,,503,100934,1111,1,0,0,1,1,
5,V262864,2003884337,Redwood Hospital,Hospital,Inpatient,3495 Atlantic Ave,Lower Level,Brooklyn,NY,11205,Kings,Brooklyn,718-555-7162,Crossroads Network,HospitalContractFeed,2022-11-06,,1031,101873,2278,1,1,1,1,1,
6,V569744,1722957622,Atlas Radiology Associates,Imaging Center,Radiology,2889 Madison Ave,,New York,NY,10044,New York,Manhattan,917-555-9326,Harbor Network,FacilityContractFeed,2017-08-08,2029-12-20,272,100500,593,1,1,1,0,1,
7,V989738,1192585184,Summit Pharmacy of Manhattan,Pharmacy,Pharmacy,2190 W 125th St,Suite 201,New York,NY,10003,New York,Manhattan,212-555-7848,Harbor Network,PharmacyNetworkFeed,2021-10-06,,775,101413,1694,1,1,1,1,1,
8,V504299,2572105239,Pinnacle Home Health Services of Brooklyn,Home Care Agency,Care Coordination,1083 Coney Island Ave,,Brooklyn,NY,11214,Kings,Brooklyn,929-555-9161,Harbor Network,HomeCareFeed,2017-03-02,,403,100757,898,1,0,0,0,1,
9,V414950,1972849925,Bayview Dialysis Center,Dialysis Center,Dialysis,1105 E 14th St,Lower Level,New York,NY,10280,New York,Manhattan,212-555-9798,Summit Network,FacilityContractFeed,2025-10-25,,87,100169,201,1,0,0,0,1,
10,V363161,2683301867,Ironwood Counseling Center of Brooklyn,Behavioral Health Center,CORE,2436 Coney Island Ave,,Brooklyn,NY,11220,Kings,Brooklyn,929-555-3868,Summit Network,FacilityContractFeed,2016-01-25,,908,101638,1978,1,1,0,0,1,
11,V874006,2104449303,Summit Imaging of Manhattan,Imaging Center,Radiology,1531 W 125th St,,New York,NY,10009,New York,Manhattan,917-555-8264,Harbor Network,FacilityContractFeed,2024-04-20,,356,100668,793,1,0,0,0,1,
12,V447204,1033287503, Redwood Vision Center of Manhattan,Vision Provider,Vision,1139 Amsterdam Ave,,New York,NY,10014,New York,Manhattan,917-555-0167,Harbor Network,VisionVendorFeed,2022-02-26,,1399,102564,3114,1,0,0,0,1,
13,V409542,1580848103,Redwood Family Health,Clinic,Urgent Care,3602 Canal St,3rd Floor,New York,NY,10280,New York,Manhattan,212-555-2024,Harbor Network,FacilityContractFeed,2021-01-05,,239,100447,527,1,0,0,1,1,
14,V674485,1167450380,Lakeshore Home Health Services,Home Care Agency,Care Coordination,513 Astoria Blvd,,Flushing,NY,11354,Queens,Queens,718-555-8497,Harbor Network,CommunityCareFeed,2022-06-20,,102,100197,235,1,1,0,0,1,
15,V297196,1973583663,Beacon Laboratories,Laboratory,Laboratory,2787 E 86th St,Suite 201,New York,NY,10065,New York,Manhattan,917-555-5093,Summit Network,FacilityContractFeed,2019-07-20,,514,100949,5578,1,1,1,0,1,
16,V393627,1114832201,Brightwater Home Health Services II,Home Care Agency,Home Health Aide,400 St Nicholas Ave,Ground Floor,New York,NY,10021,New York,Manhattan,646-555-2581,Harbor Network,HomeCareFeed,2021-08-12,,1198,102180,2652,1,1,0,1,1,
17,V793700,1382012999,Hillcrest Community Care of Brooklyn,Home Care Agency,Home Health Aide,3308 Court St,Suite 100,Brooklyn,NY,11226,Kings,Brooklyn,347-555-6480,Summit Network,CommunityCareFeed,2017-09-10,,1506,102750,5149,1,1,0,0,1,
18,V916786,2389439433,Harborview Home Care of Queens,Home Care Agency,Skilled Nursing,3997 Queens Blvd,Lower Level,Long Island City,NY,11104,Queens,Queens,929-555-6457,Harbor Network,CommunityCareFeed,2016-11-15,,517,100953,4838,1,0,1,0,1,
19,V237308,2723448629,Sunrise Health Center,Clinic,Urgent Care,2262 White Plains Rd,,Bronx,NY,10458,Bronx,Bronx,347-555-3470,Summit Network,FacilityContractFeed,2019-06-10,,337,100631,749,1,0,0,0,1,
20,V438262,1793438692,Hillcrest Home Care of Brooklyn,Home Care Agency,Home Health Aide,1963 St Nicholas Ave,,New York,NY,10012,New York,Manhattan,212-555-2311,Harbor Network,CommunityCareFeed,2017-04-19,,1697,103098,5242,1,0,1,0,1,
21,V281690,1775584455,Redwood Medical Center,Hospital,Outpatient,2847 Pelham Pkwy,,Bronx,NY,10451,Bronx,Bronx,929-555-6315,Crossroads Network,HospitalContractFeed,2021-07-16,,833,101521,1831,1,0,0,0,1,
22,V714043,1756109934,Redwood Family Health of Queens,Clinic,Urgent Care,1410 E 86th St,3rd Floor,New York,NY,10018,New York,Manhattan,917-555-5846,Harbor Network,FacilityContractFeed,2023-08-12,,496,100918,1087,1,1,0,0,1,
23,V765992,2927995904,Maple Grove Health Center,Clinic,Urgent Care,2134 New Dorp Ln,Lower Level,Staten Island,NY,10305,Richmond,Staten Island,718-555-8000,Harbor Network,FacilityContractFeed,2025-11-30,,1025,101863,2266,1,1,0,0,1,
24,V237042,1525483701,Lighthouse Community Care of Staten Island,Home Care Agency,Home Health Aide,2424 Richmond Rd,,Staten Island,NY,10302,Richmond,Staten Island,718-555-7428,Summit Network,CommunityCareFeed,2020-12-03,,1968,103543,5353,1,1,0,1,1,
25,V628576,2498400375,Bayview Diagnostics of Queens,Laboratory,Laboratory,440 Beach 20th St,,Jackson Heights,NY,11377,Queens,Queens,347-555-3353,Summit Network,FacilityContractFeed,2020-04-11,,1498,102730,3323,1,1,0,0,1,
26,V868323,1472211543,Eastbridge Behavioral Health of Bronx,Behavioral Health Center,CORE,3363 E Fordham Rd,Ground Floor,Bronx,NY,10473,Bronx,Bronx,347-555-3835,Summit Network,FacilityContractFeed,2024-09-13,,921,101670,2024,1,0,0,1,1,
27,V308878,1476039015,Riverside Kidney Care of Bronx,Dialysis Center,Dialysis,1688 E Tremont Ave,3rd Floor,Bronx,NY,10470,Bronx,Bronx,718-555-6527,Harbor Network,FacilityContractFeed,2016-02-14,,1560,102842,3459,1,0,1,0,1,
28,V659878,2183672221,Summit Transport Co,Transportation,Ambulance,2446 Canal St,2nd Floor,New York,NY,10033,New York,Manhattan,646-555-7068,Summit Network,TransportVendorFeed,2019-04-03,,567,101058,1260,1,1,0,1,1,
29,V702828,2302101458,Meadowbrook Community Care of Manhattan,Home Care Agency,Care Coordination,2948 1st Ave,,New York,NY,10011,New York,Manhattan,212-555-2060,Summit Network,CommunityCareFeed,2022-09-29,,1373,102509,3053,1,0,0,0,1,
30,V522483,1107180147,Tidewater Home Health Services of Queens,Home Care Agency,Skilled Nursing,3993 Ocean Pkwy,,Brooklyn,NY,11232,Kings,Brooklyn,929-555-4551,Harbor Network,CommunityCareFeed,2025-12-13,,244,100456,4784,1,1,0,0,1,
31,V417588,2408603969,Bayview Community Care of Manhattan,Home Care Agency,Care Coordination,3382 Madison Ave,Suite 100,New York,NY,10018,New York,Manhattan,212-555-3319,Harbor Network,CommunityCareFeed,2026-05-06,,808,101479,1783,1,1,0,0,1,
32,V292151,1796816837,Unity Family Health of Manhattan,Clinic,Outpatient,3843 2nd Ave,,New York,NY,10010,New York,Manhattan,212-555-6298,Harbor Network,FacilityContractFeed,2020-06-23,,620,101157,1382,1,1,1,0,1,
33,V690475,1130841764,Evergreen Health Center,Clinic,CORE,2462 Southern Blvd,,Bronx,NY,10454,Bronx,Bronx,347-555-6665,Harbor Network,FacilityContractFeed,2021-10-24,2028-06-16,1584,102895,3521,1,1,0,0,1,
34,V422811,2847137728,Bayview Medical Transportation of Brooklyn,Transportation,Livery,1649 Church Ave,3rd Floor,Brooklyn,NY,11223,Kings,Brooklyn,718-555-1917,Summit Network,TransportVendorFeed,2019-07-04,,1469,102678,3255,1,0,0,1,1,
35,V922684,2235931930,Lakeshore Family Health,Clinic,CORE,2561 W 125th St,Suite 100,New York,NY,10039,New York,Manhattan,212-555-4332,Harbor Network,FacilityContractFeed,2019-12-31,,127,100240,286,1,1,0,0,1,
36,V404266,2165732290,Parkside Community Care,Home Care Agency,Care Coordination,2317 E 14th St,Lower Level,New York,NY,10022,New York,Manhattan,646-555-9405,Crossroads Network,CommunityCareFeed,2023-01-28,,1622,102966,3604,1,1,1,0,1,
37,V453646,1971896711,Ironwood Dialysis Center,Dialysis Center,Dialysis,3188 W 57th St,,New York,NY,10035,New York,Manhattan,917-555-3822,Crossroads Network,FacilityContractFeed,2024-02-17,,1349,102464,2994,1,1,0,0,1,
38,V248019,2265919813,Seaside Community Care of Manhattan,Home Care Agency,Skilled Nursing,2149 Flatbush Ave,,Brooklyn,NY,11238,Kings,Brooklyn,718-555-7850,Harbor Network,CommunityCareFeed,2023-10-28,2029-10-20,1436,102621,5132,1,1,0,0,1,
39,V896038,2408013177,Beacon Community Care,Home Care Agency,Skilled Nursing,2056 Nostrand Ave,,Brooklyn,NY,11203,Kings,Brooklyn,347-555-8177,Harbor Network,CommunityCareFeed,2021-05-11,2027-06-01,197,100367,4769,0,1,0,0,1,
40,V134816,1004987560,Greenfield Med Supply of Bronx,Equipment Supplier,Respiratory Equipment,2819 Southern Blvd,,Bronx,NY,10460,Bronx,Bronx,347-555-1565,Harbor Network,EquipmentSupplierFeed,2016-04-01,,192,100360,429,1,0,0,1,1,
