ProviderRecordID,ProviderNumber,NPI,FirstName,LastName,OfficeName,Specialty,ProviderType,Address1,Address2,City,State,ZIP,County,Borough,Phone,Network,Source,EffectiveDate,ProviderKey,AddressKey,PracticeLocationKey,LineA_Flag,LineB_Flag,LineC_Flag,LineD_Flag,PrintFlag,LineCode,LimitationText
1,P3024240,2493887683,Joseph,Perez,Lynch Medical Group,Physical Therapy,Therapist,1432 Nostrand Ave,Suite 100,Brooklyn,NY,11237,Kings,Brooklyn,718-555-5995,Harbor Network,CredentialingFeed,2020-06-24,7204,610,16234,1,1,1,0,1,,
2,P3023631,1786154108,Javier,Collins,Hillcrest Family Health,Obstetrics & Gynecology,Physician,3298 Lexington Ave,,New York,NY,10009,New York,Manhattan,917-555-2760,Harbor Network,PracticeRosterFeed,2016-07-05,7859,580,17688,1,0,0,0,1,,
3,P9867570,2484321734,Asher,Fuentes,Franklin Medical PC,Physician Assistant,Physician Assistant,1437 Grand Concourse,Suite 201,Bronx,NY,10475,Bronx,Bronx,347-555-9372,Harbor Network,CredentialingFeed,2016-03-18,2429,1851,5383,1,1,0,0,1,,
4,P3574489,1731159178,Ahmed,Graham,Greenfield Physicians PC,Ophthalmology,Physician,2391 Victory Blvd,3rd Floor,Staten Island,NY,10304,Richmond,Staten Island,347-555-5587,Harbor Network,PracticeRosterFeed,2024-09-25,4177,4101,9333,1,0,1,1,1,,
5,P9237889,1148680295,Catherine,Morgan,Lakeshore Health Partners,Care Management,Other,2046 Myrtle Ave,,Bayside,NY,11361,Queens,Queens,929-555-3363,Crossroads Network,CredentialingFeed,2015-01-04,907,4164,2001,1,1,0,0,1,,
6,P9212624,1381464654,Charles,Tanaka,Baker Medical PC,Care Management,Other,3365 E 14th St,Suite 201,New York,NY,10034,New York,Manhattan,212-555-9136,Harbor Network,PracticeRosterFeed,2021-12-07,3037,4684,6766,1,0,1,1,1,,
7,P7608673,2141961880,John,Harris,Bluepoint Medical Associates,Optometry,Other,3840 Myrtle Ave,,Brooklyn,NY,11204,Kings,Brooklyn,347-555-7002,Summit Network,PracticeRosterFeed,2024-02-19,990,2935,2185,1,0,0,0,1,,
8,P8298502,1147049617,Aaron,Foster,Henderson & Associates,Chiropractic,Other,1196 Nostrand Ave,,Brooklyn,NY,11209,Kings,Brooklyn,347-555-8743,Harbor Network,PracticeRosterFeed,2023-12-25,827,597,1835,1,1,1,0,1,,
9,P4816446,1384217067,Mariam,Rodriguez,Harper Medical PC,Cardiology,Physician,3105 Bay Ridge Ave,Ground Floor,Brooklyn,NY,11214,Kings,Brooklyn,929-555-6843,Harbor Network,CredentialingFeed,2018-10-17,2043,4068,4529,1,1,0,1,1,,
10,P1837662,1234790966,Leah,Patel,Highbridge Physicians PC,Cardiology,Physician,1251 3rd Ave,,New York,NY,10035,New York,Manhattan,212-555-8161,Harbor Network,PracticeRosterFeed,2020-07-25,6501,4473,14639,1,1,0,0,1,,
11,P8216414,1976949242,Carlos,Rossi,Seaside Medical Associates,Substance Use Counseling,Behavioral Health,1407 Bay Pkwy,Ground Floor,Brooklyn,NY,11214,Kings,Brooklyn,718-555-2535,Summit Network,PracticeRosterFeed,2018-04-30,1944,525,4315,1,0,0,1,1,,
12,P4641334,2661292799,Eva,Grant,Brightwater Health Partners,Chiropractic,Other,526 Bedford Ave,,Brooklyn,NY,11218,Kings,Brooklyn,929-555-0188,Crossroads Network,CredentialingFeed,2016-05-15,7658,4765,17244,1,1,0,0,1,,
13,P6601702,1648246506,Miguel,Ibrahim,Harper Medical PC,Internal Medicine,Physician,1658 Union Tpke,,Jackson Heights,NY,11373,Queens,Queens,718-555-0137,Harbor Network,CredentialingFeed,2025-06-01,4418,443,9885,1,0,0,0,1,,
14,P8246983,1261275998,Liam,Ramirez,Riverside Medical Associates,Internal Medicine,Physician,1183 Liberty Ave,Suite 100,Far Rockaway,NY,11693,Queens,Queens,347-555-5515,Harbor Network,CredentialingFeed,2022-03-29,3634,1267,8093,0,1,0,0,1,,
15,P5206469,1281764039,John,Yang,Sunrise Family Health,Psychiatry,Behavioral Health,1839 Fulton St,,Brooklyn,NY,11222,Kings,Brooklyn,929-555-9839,Summit Network,PracticeRosterFeed,2015-07-13,185,170,408,1,0,0,0,1,,
16,P3297375,2038468940,Jessica,Cruz,Ward Medical PC,Psychiatry,Behavioral Health,357 Jamaica Ave,,Floral Park,NY,11004,Queens,Queens,718-555-2982,Harbor Network,DelegatedGroupFeed,2015-07-09,7676,2430,17286,1,1,1,0,1,,
17,P1794003,1360445260,Ravi,Dixon,Fischer & Associates,Internal Medicine,Physician,2300 Bruckner Blvd,,Bronx,NY,10473,Bronx,Bronx,718-555-9409,Harbor Network,CredentialingFeed,2016-12-17,5285,2081,11849,1,1,0,0,1,,
18,P7442016,1111763490,Andrea,Hernandez,Bowen & Associates,Dermatology,Physician,2709 Church Ave,Ground Floor,Brooklyn,NY,11216,Kings,Brooklyn,929-555-3529,Summit Network,PracticeRosterFeed,2023-01-29,2754,3912,6111,1,1,0,0,1,,
19,P1902594,2547836298,Victoria,Graham,Westfield Health Partners,Internal Medicine,Physician,1812 Madison Ave,,New York,NY,10035,New York,Manhattan,917-555-1528,Crossroads Network,CredentialingFeed,2018-12-20,1258,1177,2789,1,0,0,0,1,,
20,P3694105,2449145731,Emily,Duarte,Evergreen Physicians PC,Podiatry,Other,3634 St Nicholas Ave,Suite 100,New York,NY,10028,New York,Manhattan,917-555-5023,Harbor Network,DelegatedGroupFeed,2020-11-25,1087,810,2411,0,0,1,0,1,,
21,P6598721,2804951251,Abigail,Cruz,Cedar Hill Family Health,Psychiatry,Behavioral Health,3383 White Plains Rd,Suite 3B,Bronx,NY,10462,Bronx,Bronx,347-555-8016,Summit Network,CredentialingFeed,2020-03-27,7985,3960,17952,1,0,0,1,1,,
22,P3863058,2736181332,Olivia,Carter,Schmidt Medical Group,Internal Medicine,Physician,1636 Hillside Ave,Suite 3B,Jamaica,NY,11411,Queens,Queens,929-555-9520,Harbor Network,PracticeRosterFeed,2023-06-02,1489,2105,3306,1,0,1,1,1,,
23,P3018532,1180791414,Chloe,Kelly,Bluepoint Medical Associates,Psychiatry,Behavioral Health,2039 Lexington Ave,,New York,NY,10031,New York,Manhattan,646-555-4639,Harbor Network,CredentialingFeed,2024-02-07,5599,2687,12557,1,1,0,0,0,,
24,P1874075,1031487683,Nicole,Lambert,Empire Health Partners,Otolaryngology,Physician,176 E 14th St,Suite 3B,New York,NY,10012,New York,Manhattan,646-555-5381,Crossroads Network,PracticeRosterFeed,2025-06-06,7629,3744,17179,0,0,1,0,1,,
25,P6396129,2459210227,Dylan,Freeman,Vargas Medical Group,Family Medicine,Physician,3955 Jamaica Ave,Ground Floor,Jamaica,NY,11426,Queens,Queens,718-555-4668,Harbor Network,CredentialingFeed,2015-10-11,882,4117,1949,0,1,1,0,1,,
26,P7797181,1994396939,Zoe,Osei,Sunrise Community Health,Family Medicine,Physician,1054 Fulton St,,Brooklyn,NY,11204,Kings,Brooklyn,718-555-6598,Harbor Network,PracticeRosterFeed,2016-10-30,6717,472,15111,1,0,0,0,1,,
27,P6697649,1834903662,Fiona,Banerjee,Torres Medical Group,Endocrinology,Physician,575 Park Ave,Suite 3B,New York,NY,10032,New York,Manhattan,212-555-7488,Summit Network,PracticeRosterFeed,2020-09-25,4599,3529,10282,0,0,0,0,1,,
28,P8567601,1956924942,Benjamin,Khan,Atlas Community Health,Internal Medicine,Physician,2754 Morris Park Ave,Ground Floor,Bronx,NY,10462,Bronx,Bronx,347-555-5600,Summit Network,CredentialingFeed,2024-01-11,4740,2997,10564,1,1,1,0,1,,
29,P3574907,2223185630,Yusuf,Grant,Crossroads Physicians PC,Neurology,Physician,600 New Dorp Ln,3rd Floor,Staten Island,NY,10305,Richmond,Staten Island,718-555-1569,Crossroads Network,CredentialingFeed,2018-03-16,5257,3472,11780,1,0,1,0,1,,
30,P1059189,1337687804,Jose,Sharma,Atlas Physicians PC,Psychology,Behavioral Health,3809 Queens Blvd,,Far Rockaway,NY,11693,Queens,Queens,718-555-6514,Summit Network,CredentialingFeed,2016-12-29,3069,4430,6859,1,1,0,0,1,,
31,P7905585,1798953323,Priya,Duarte,Bluepoint Medical Associates,Endocrinology,Physician,3840 Myrtle Ave,,Brooklyn,NY,11204,Kings,Brooklyn,347-555-7002,Summit Network,CredentialingFeed,2024-08-14,5883,2935,13202,1,1,1,0,1,,
32,P9103621,1690983048,Ahmed,Schmidt,Liberty Physicians PC,Nurse Practitioner,Nurse Practitioner,2426 Coney Island Ave,,Brooklyn,NY,11235,Kings,Brooklyn,929-555-8598,Harbor Network,CredentialingFeed,2017-06-01,4717,360,10512,,,,,0,,
33,P1864805,1411458213,Isabella,Ibrahim,Pinnacle Health Partners,Speech-Language Pathology,Therapist,1456 Bruckner Blvd,Ground Floor,Bronx,NY,10461,Bronx,Bronx,929-555-9628,Summit Network,CredentialingFeed,2016-04-11,6079,4346,13660,1,1,1,1,1,,
34,P2737554,2600741187,Martin,Torres,Cedar Hill Medical Associates,Internal Medicine,Physician,2149 Bay St,,Staten Island,NY,10304,Richmond,Staten Island,347-555-7269,Crossroads Network,PracticeRosterFeed,2015-01-23,7434,1122,16751,0,0,0,1,1,,
35,P4007577,2769966104,Tariq,King,Pinnacle Physicians PC,Neurology,Physician,3257 W 57th St,3rd Floor,New York,NY,10010,New York,Manhattan,212-555-3404,Harbor Network,CredentialingFeed,2019-06-25,2643,3666,5857,0,1,0,0,1,,
36,P1499143,1830216390,Paul,Bowen,Fairmont Family Health,Nephrology,Physician,3362 Liberty Ave,Suite 100,Bayside,NY,11369,Queens,Queens,718-555-4319,Summit Network,CredentialingFeed,2022-04-04,3039,3664,6775,1,1,1,0,1,,
37,P3414480,2541106250,Lila,King,Northgate Medical Associates,Obstetrics & Gynecology,Physician,3321 Flatbush Ave,Lower Level,Brooklyn,NY,11210,Kings,Brooklyn,929-555-2577,Harbor Network,CredentialingFeed,2017-04-10,1967,3156,4364,1,0,0,0,1,,
38,P1953774,1108500376,Angela,Khan,Tidewater Medical Associates,Clinical Social Work,Behavioral Health,2194 Park Ave,2nd Floor,New York,NY,10033,New York,Manhattan,212-555-8007,Harbor Network,CredentialingFeed,2023-06-07,1570,3555,3481,1,0,0,0,1,,
39,P7008027,2463344715,Denise,Martin,Maple Grove Health Partners,Speech-Language Pathology,Therapist,1704 E 14th St,Suite 3B,New York,NY,10012,New York,Manhattan,917-555-5180,Harbor Network,CredentialingFeed,2022-06-22,5714,3017,12806,1,0,0,0,1,,
40,P9600240,1423177470,Bianca,Schmidt,Metro Health Partners,Clinical Social Work,Behavioral Health,1068 Columbus Ave,Lower Level,New York,NY,10003,New York,Manhattan,212-555-4099,Summit Network,CredentialingFeed,2025-10-18,6071,4008,13642,0,1,0,0,1,,
