rule,severity,expect,status,rows,message,origin,promoted_on,accepted
missing_service_geography,blocking,zero_rows,fail,70,70 rows returned,spec,,
missing_provider_county,blocking,zero_rows,fail,120,120 rows returned,spec,,
missing_provider_specialty,blocking,zero_rows,fail,60,60 rows returned,spec,,
missing_provider_phone,blocking,zero_rows,fail,90,90 rows returned,spec,,
invalid_specialty_county,blocking,zero_rows,fail,40,40 rows returned,checklist,2026-04-01,
missing_school_limitation,blocking,zero_rows,fail,30,30 rows returned,checklist,2026-02-01,
malformed_languages,blocking,zero_rows,pass,0,clear,spec,,
retired_source_present,blocking,zero_rows,pass,0,clear,checklist,2026-08-01,
named_exclusion_present,blocking,zero_rows,fail,2,2 rows returned,checklist,2026-08-01,
vision_island_presence,blocking,at_least_one_row,fail,0,absent,checklist,2026-07-01,
vision_island_line_exception,advisory,zero_rows,pass,0,clear,checklist,,
vision_line_a_required,blocking,zero_rows,fail,12,12 rows returned,checklist,2026-06-01,
named_org_nonzero_lines,advisory,zero_rows,warn,2,2 rows returned,checklist,,
vision_presentation_review,advisory,zero_rows,warn,17,17 rows returned,checklist,,
flu_clinic_listings_next_cycle,reminder,,reminder,0,"October - the flu-clinic listings go in next cycle, not this one",checklist,,
zip_borough_mismatch,advisory,zero_rows,warn,40,40 rows returned,spec,,
partial_flags,advisory,zero_rows,warn,104,104 rows returned,spec,,
hospital_network_line_counts,advisory,grouped_report,report,39,39 rows to review,spec,,
behavioral_health_type_counts,advisory,grouped_report,report,5,5 rows to review,spec,,
core_service_line_combinations,advisory,grouped_report,report,16,16 rows to review,spec,,
vision_listings,advisory,grouped_report,report,450,450 rows to review,spec,,
vision_rows_by_borough,advisory,grouped_report,report,5,5 rows to review,spec,,
