Note,AddedOn,AddedBy
Dr. Theodora Vance should no longer appear in the directory.,2026-07-18,Directory owner
Make sure every vision provider has LineA set to 1.,2026-05-02,Directory owner
Confirm vision services are included for Staten Island.,2026-06-11,Print coordinator
"Meadowbrook Transport Co is LineA only - LineB, LineC and LineD must be 0.",2026-08-05,Contracting
Some vision listings have double spaces in the display name - check before print.,2026-08-20,Print coordinator
"October: the flu-clinic listings go in next cycle, not this one.",2026-08-28,Directory owner
Care Management is not offered in Staten Island.,2026-03-14,Network management
School-based providers must show the enrolled-students limitation text.,2026-01-09,Compliance
LegacyVendorFeed was retired in July - nothing from it should be in the service directory.,2026-07-30,Directory owner
